Tweet text,Polarity,Subjectivity
@NatalieStrecke1 @eris_mumu_23 @wesstreeting @peterkyle @Freedland @TracyAnnO @Keir_Starmer @UKLabour With demonstrably "a certain perception of Jews" &amp; "Jewish community institutions" like JVL targeted I think it's now 56 Jews purged thus far from Starmer's Labour in by far the biggest political pogrom against Jews in the entire history of British politics since 1655? https://t.co/dnwtCOAvfM,0.05918367346938775,0.47091836734693876
@GuanacasteKid16 @Daniel_Grigg @UKLabour @Keir_Starmer @jeremycorbyn Not only will I never vote for them I will campaign against them.  For a brief time I had hopes of a better country a fairer more caring one. They destroyed it. They were like vandals in a china shop smashing everything beautiful. I don't forget &amp; I certainly don't forgive.,0.3440476190476191,0.6507936507936507
@clara_hogg @KatyMontgomerie @tamboyce @LGBTLabour @Mermaids_Gender @StonewallCymru @Keir_Starmer @KevinBrennanMP That‚Äôs not the claim in the original article can you provide where it was found they directed kids to different platforms?,0.1875,0.675
@KarenRo08012406 @sairelbe @IreneDonald11 @ClassicLibScot @Beneri11 @ticgran @TomJohn1975 @GlasgowCabbie1 @peck51 @NicolaSturgeon @jbwhitesnake @Keir_Starmer @trussliz Budgets and electionsHonestly think people are stupid,-0.7999999999999999,1.0
@KarenRo08012406 @sairelbe @IreneDonald11 @ClassicLibScot @Beneri11 @ticgran @TomJohn1975 @GlasgowCabbie1 @peck51 @NicolaSturgeon @jbwhitesnake England have 533 constituency regions and requires 533 MPs in a GE they as in England elect @Keir_Starmer and @trussliz  MPs which is all of them to cover England Constituency regionsSo please refrain from saying England has no governmentIf no government they wouldn't be laws,0.8,0.9
@OldYesButWise @bookyblonde @jaynewilliams_ @UKLabour @Keir_Starmer You haven't list what's wrong with Labour policies.I've been a member 40 yearsI remember the 80s when we had 17 years of Tories as the Country rejected the left and Foot. John Smith was my inspiration and Corbyn even criticised him.. I voted for him but never liked him.,-0.26666666666666666,0.5666666666666668
@Booly47 @KatyMontgomerie @tamboyce @LGBTLabour @Mermaids_Gender @StonewallCymru @Keir_Starmer @KevinBrennanMP Thats not what happened...they were given or directed towards adult discussion forums. Why the  need for that. Mermaid have accepted they made an error of judgement and are being investigated. In the meantime children won't get the support they need. They need to do better.,0.3,0.4
@Keir_Starmer and the racist rights will be absolutely gutted. Great work @zarahsultana üëè https://t.co/WRjihubra9,0.5,0.825
@PeterStefanovi2 @Keir_Starmer No she wasn't slaughtered my arse,0.0,0.0
@gorillamitts @EmmaKennedy @Keir_Starmer @trussliz What a waist of money that is ü§£üòÇü§°,0.0,0.0
@EmmaKennedy @Keir_Starmer @trussliz Oh look it's miss irrelevant again. https://t.co/rHJKGoixlr,-0.5,1.0
@Keir_Starmer @EdwardJDavey ! Please make serious noises about repairing any potential damage done to the NHS by taking it back into public ownership WITHOUT COMPENSATION!We‚Äôve a rogue government with two years left to destroy it and the UK!#ToriesOut98  #TrussOut38 #JailTime https://t.co/s0QF5BJAcP,-0.08888888888888889,0.28888888888888886
@trussliz@Keir_Starmer and @UKLabour thank you for your support‚Ä¶Labour 53Tories 19#TopJob,0.0,0.0
@Keir_Starmer is an absolute disgrace and won‚Äôt be getting my vote. https://t.co/MdUnX6ifXj,0.2,0.9
@OldYesButWise @bookyblonde @jaynewilliams_ @UKLabour @Keir_Starmer List broken pledges. How can they be implemented in opposition? Councils Mayors and Welsh government are!I have watched Labour Files! Have you watched panorama.  Most in Labour Files were suspended then left back into the party. Ken Livingston started all this plus Palastine!,0.0,0.225
@IanByrneMP I mean this is just shit @Keir_Starmer,-0.25625,0.74375
@JohnnyMercerUK @lewis_goodall #crossthefloor @Keir_Starmer @AngelaRayner @RhonddaBryant,0.0,0.0
@Robinho60134704 @AngelaRayner @Keir_Starmer Will labour please say if they are √ütill going to tax house profits and inheritance tax?,0.0,0.0
@CWUnews @Keir_Starmer  you seen this lot,0.0,0.0
@OldYesButWise @bookyblonde @jaynewilliams_ @UKLabour @Keir_Starmer What Labour policies are Neoliberal? Labour have had an Independent Disciplinary Proceedure since January which was voted for last Sept. It was enforced by ERCH !What do you mean Neoliberal Mantra Labour have never been a Socialist Party its centre left Democratic Socialist,-0.078125,0.21979166666666666
@AddictScrabble @Keir_Starmer @Conservatives ‚ÄúLEMMING CENTRAL‚Äù is open for business again I see!!!!,0.0,0.375
@AngelaRayner Labour front bench is now following "popular politics" on social platforms like Twitter.Most honourable thing to do at this time is to give a big boost to our national confidence and credibility. There is no better way to do that than to stand behind our new PM @Keir_Starmer .,0.01709956709956709,0.403030303030303
@Keir_Starmer Your advisor. https://t.co/shpAjVSnV3,0.0,0.0
@g_gosden Like shooting fish in a barrel here. Hope she does #PMQs if @Keir_Starmer cannot.,0.0,0.0
@steffd62 @bookyblonde @jaynewilliams_ @UKLabour @Keir_Starmer As I said we wont convince each other. You wont watch the Labour Files without presuming they're manufactured bs. Many have shown Starmer's pledges to become leader - all broken. He is not trustworthy. Only agreement between us is Lab is better than Tory. Let's quit as friends.,0.095,0.5549999999999999
Dear all @POTUS @trussliz @Keir_Starmer @JamesCleverly @GwynneMP @DavidLammy @AngelaRayner @FCDOGovUK @CatrionaLaing1 @hrwPls impel on @MBuhari @NGRPresident @GovNigeria to immediately comply with this order of the Appeal Court and #FreeNnamdiKanuNow https://t.co/4KY3avyRVU,0.0,0.0
I note that @Keir_Starmer is a man of taste and uses the Mitsubishi Uniball as his pen of choice as I do.,0.0,0.0
@thom_brooks @juriprudence201 @UKLabour @Keir_Starmer The deep state choice?? Sorry but not a hope,-0.25,0.7
@bookyblonde @UKLabour @Keir_Starmer Good luck with that.,0.7,0.6000000000000001
@OldYesButWise @bookyblonde @jaynewilliams_ @UKLabour @Keir_Starmer Corbyn criticised every Labour leader from the time he became an MP including John smith he went on BBC radio 4 and said he didn't represent the needs of the people in 1993 when he was 15 points ahead He voted agsinst his own party and more with the Tories than any other leader. https://t.co/94OVIDDUCD,0.325,0.625
@trussliz and @KwasiKwarteng are already toast. A complete u turn cancelling the tax cuts will not save them. @Keir_Starmer needs to get the Tories to agree progressive tax cuts that will help the poorest but are properly costed with OBR evaluation. Time for a windfall tax.,0.05,0.25
@rupertsmum @CateToward @Daniel_Grigg @UKLabour @Keir_Starmer Say what you really mean Jules !!Good on ya !!‚úä,0.255859375,0.64375
@BrexitBin The big problem is @Keir_Starmer  wants to grow the economy but  does not accept freedom of movement,0.1,0.1
@Keir_Starmer @UKLabour what planet are you guys on? Ian is more deserved of being a Labour MP than anyone. Keir use some common sense lad for once! https://t.co/1G4TFqw8ku,0.0625,0.5
@Thehuck_59 @Keir_Starmer Awww adore this photo of Keir and Victoria xx,0.4,0.9
How on earth is Ian Byrne ‚Äòfacing a fight to keep his seat?‚ÄôWhat more can a man do for his party and City?We should be very proud to have him @Keir_Starmer should be ashamed of both himself and his party.,0.75,0.75
A Big thank youüôèto: @TonyBlair @GordonBrown @davidcameron @theresa_may @jeremycorbyn @MarkDrakeford @MayorofLondon @Keir_Starmer @SuellaBraverman @KwasiKwarteng @RishiSunak @EUCO1 @CoE_HRightsRLaw The entire UK is a 3rd world Shit hole ü§¨ https://t.co/vBvmd0ApXK,-0.05,0.38125
@reclaimocracy @WarwickHunt4 @Daddy__c0o1 @TactfulTom @SamJRushworth @NoCakeLeft @Keir_Starmer @jeremycorbyn I don't want him as a Labour peer I don't want peers full stop...Anyway Labour now in their biggest polling lead over the Tories.EVER.https://t.co/6QDtNv9nAs,0.35,0.55
@reclaimocracy @Daddy__c0o1 @TactfulTom @SamJRushworth @NoCakeLeft @Keir_Starmer @jeremycorbyn Riiight. You agree with my whole tweet?,0.2,0.4
@supertanskiii @NadineDorries To #ReplaceLizTruss with either @Keir_Starmer or @jessphillips,0.0,0.0
@PippaCrerar When is Rosie Duffield going then @Keir_Starmer?,0.0,0.0
@dickiemoore5 @euromove @Keir_Starmer @DavidLammy @RachelReevesMP @wesstreeting @AngelaRayner @BethRigby Love how you call for heads and no doubt a civil war because of identity politics and binary thinking of the left who will deny any calls of fascism because they are so virtuous kind and good and all else are Untermensch,0.45,0.525
@OldYesButWise @bookyblonde @jaynewilliams_ @UKLabour @Keir_Starmer What Labour policies are NeoliberalWatch the original Panorama programmeLabour is a Democratic Socialist Party I've been a member 40 years. When the left took over the party in 80s we were left with 17 years of Tories until John Smith became leader.https://t.co/ExRS5lVObg,0.125,0.25
This is why i wont vote Labour in the next general election. @UKLabour and @Keir_Starmer is a disgrace. https://t.co/B5jMRWiXXS,0.02500000000000001,0.25
@charlotteh71 @1kilroywashere @paulapeters2 @Debbie_abrahams @guardian @UKLabour @jeremycorbyn @johnmcdonnellMP @Keir_Starmer @UniteSharon @and_unite @unitetheunion @RMTunion Charlotte that lot lie about everything? Now that @NorwichChloe is going gun hoe in further torture and sanctioning more claimants? What will it take to stop these fools from killing people? General Election now.https://t.co/Ps2YWKZxgx,0.18333333333333335,0.5
@NatalieStrecke1 @wesstreeting @peterkyle @Freedland @TracyAnnO @Keir_Starmer @UKLabour Solidarity Natalie.,0.0,0.0
@AlexiDimond @UKLabour @Keir_Starmer Except the core convening principle of any government going forward has to be climate and social justice. We are rapidly running out of time,0.03333333333333333,0.06666666666666667
#WECANTBREATHE If you are not actively standing up for what's right you're part of the problem.@davidlammy @mikehakata @perayahmet @CllrSeema @TottenhamTammy @michelle_saf @barbarablake51 @No2totltns @apchara @MamaPerdeep  @Keir_Starmer @LeAggy  @EddieNestorMBE @BBCRadioLondon https://t.co/UL24h5syoB,0.17619047619047618,0.5678571428571428
@acgrayling @Femi_Sorry @dontbrexitfixit @madelineahind @Thundaballz2 @JemmaDem @Keir_Starmer @Tees4Europe @LeedsEurope @York4EU @NE4EU @Sheffield4EU @SydesJokes @ColinSydes @snb19692 @BrexitBuster @irenegarth1946 @eyejosh @peterjukes @PeterStefanovi2 @Beany_1 @deelomas @dem_cath https://t.co/ehcpfL7Cy8,0.0,0.0
@jessphillips People who should replace Truss as PM .  @Keir_Starmer or @jessphillips,0.0,0.0
@AlexiDimond @UKLabour @Keir_Starmer Yep. The collapse of the Tories is very welcome but it‚Äôs not healthy for a political system to be so vulnerable to massive swings. We need PR and a practice of coalitions and compromise.,0.05,0.62
@Brexit_Refugee @Daddy__c0o1 @TactfulTom @SamJRushworth @NoCakeLeft @Keir_Starmer @jeremycorbyn Dark Lord lol that want me but üòÇ,0.325,0.55
@Brexit_Refugee @Daddy__c0o1 @TactfulTom @SamJRushworth @NoCakeLeft @Keir_Starmer @jeremycorbyn That‚Äôs not a theory. It is a fact.,0.0,0.0
@Brexit_Refugee @WarwickHunt4 @Daddy__c0o1 @TactfulTom @SamJRushworth @NoCakeLeft @Keir_Starmer @jeremycorbyn No it‚Äôs not his right as a member of the Labour Party. If he wants that right he has no right being a labour peer. Collective responsibility and all that.,0.15714285714285714,0.4267857142857142
@NickStevenson63 @AnnaMcMorrin @Keir_Starmer @UKLabour The current government were duly elected (albeit by some fools.} They do have the people's consent to govern.,0.0,0.4
@MaggieJ42656809 @MARYNURSE1950 @Keir_Starmer No he isn‚Äôt‚Ä¶ https://t.co/9d4u6DoDkR,0.0,0.0
@DrGrumpy @KHarveyProctor @Keir_Starmer @FAIRcampaignUK People came forward because they believed Mark Williams Thomas. Many unwittingly furthered Savile lies because were fooled themselves so it looked as if Savile undoubtedly was a sexual predator and they couldn't go wrong. Why not have a slice of compo cake? You need to read.,0.16666666666666666,0.7444444444444445
@steffd62 @bookyblonde @jaynewilliams_ @UKLabour @Keir_Starmer Sorry Steff.. you &amp; I will have to agree to disagree on all but one thing #gtto. I will vote tactically to achieve this but can never support neoliberal Labour with an internal Stasi to keep to the mantra. If Lab ever becomes socialist I will join it.,-0.25,0.5
@PaulJoseBrain @jessphillips @Keir_Starmer One day you will find out the Sun is lying to you,0.0,0.0
@UKLabour_Innit @Tracey68979327 @Keir_Starmer @AngelaRayner You both lied didn‚Äôt you!!??,0.0,0.0
@Keir_Starmer's @UKLabour Party is NOT a  'far Left Socialist Govt' in-waiting...Why do you Tories LIE so much???STOP IT!!! https://t.co/YxxxA9vkkw,-0.025,0.5
@_Brian_Hunter @DamianClough2 @Cannydc1 @ff1l @aminamangera1 @rdg_elliott @Keir_Starmer Don't disagree with that at all. Union membership certainly should be a completely normal thing.,0.18214285714285713,0.6107142857142857
@DrGrumpy @KHarveyProctor @Keir_Starmer @FAIRcampaignUK @FACTukorg https://t.co/1jsuV2tiUF"What I heard was.."We know who patient was as s/he loudly announced themselves on Twitter undermining claims that Broadmoor patients would never speak up. She means well. But as ever no scrutiny of accuser and Broadmoor patients not always reliable.,0.1,0.8
@Keir_Starmer lies? Is that WHAT YOU'RE SAYING?We don't disagree.#FullFact checked https://t.co/kJpVt051h6,0.0,0.0
@KHarveyProctor @Keir_Starmer And now Starmer is giving Watson a seat in lords.. It stinks.. @Keir_Starmer,-0.6,0.5
@BobHump28451784 @gwyndster @Keir_Starmer @trussliz @NicolaSturgeon @80_mcswan @AnasSarwar @Edlon69 @IanMurr58938445 @IslaIsla3293 @jeremycorbyn @Douglas4Moray You have to be repetitive for you yoons to digest due to ignorance that the truth is being exposed,-0.1875,0.3125
@Dan__9000 @DamianClough2 @Cannydc1 @ff1l @aminamangera1 @rdg_elliott @Keir_Starmer They are struggling to get staff. e.g. Tesco Cafe staff. They are not unionised and are paid minimum wage.I would suggest that staff organise and get the unions to improve T&amp;Cs as well as pay.,0.0,0.0
@RosyPosy_kitteh @SamPEAK1951 @LupinLeChat @Keir_Starmer @HarrietHarman Not convinced if I'm honest.,0.6,0.9
@TheSikhNet @BaggyShanker @UKLabour @DerbySouthCLP @TanDhesi @AppgBritSikhs @SikhFedUK @SCUKofficial @UK51NGH @SikhPA @Keir_Starmer @BAME_Labour @EastMidsLabour Congratulations,0.0,0.0
@kwilliam111 @SuellaBraverman @10DowningStreet @northumbriapol @conservatives @Keir_Starmer @Jacob_Rees_Mogg @CPSUK We are sick of it.,-0.7142857142857143,0.8571428571428571
@ProfBrianCox Have you been in the loft yet to find your keyboard? Just asking for my friend @Keir_Starmer,0.0,0.0
@ianmandrake @BrianJo70317946 @bookyblonde @laj1956 @UKLabour @Keir_Starmer Yep only difference is you get in and look after the right people like the poor disabled and the working class plus business's we still need them for jobs.,-0.07857142857142858,0.6089285714285714
@SaveTheNHS4U @Keir_Starmer You‚Äôre barking ü§£ü§£,0.0,0.0
@lizyeld @KHarveyProctor @Keir_Starmer @FAIRcampaignUK Sorry so why did so many come forward after his death? This includes victims sorry it‚Äôs a bit like the conspiracy theories over the moon landings. You would need so many folks ‚Äòonside‚Äô to keep it quiet along with many others outside NASA Does Alex Jones know about all this?,0.07142857142857142,0.5547619047619048
@Keir_Starmer Our next Labour Prime Minister https://t.co/tG9sSMryc1,0.0,0.0
@BrianJo70317946 @bookyblonde @laj1956 @UKLabour @Keir_Starmer I totally agree with you Brian he can wait till he gets in and put in more Socialist policies. If he bangs on like Corbyn he'll lose the election. As much as I loved Corbyn the media didn't want him in power.,0.39999999999999997,0.6833333333333332
Don't know about you but it would actually be quite frightening if @UKLabour led by someone as dishonest and antidemocratic as @Keir_Starmer had a majority this big. https://t.co/YoQmw65VN2,-0.2,0.42500000000000004
@_Brian_Hunter @DamianClough2 @Cannydc1 @ff1l @aminamangera1 @rdg_elliott @Keir_Starmer Yep that needs to be banged on the head I totally agree.,0.0,0.75
Ay @Keir_Starmer what is going on he here soft bollocks! https://t.co/bGfxOlvRMq,0.125,0.35
@sairelbe @IreneDonald11 @ClassicLibScot @Beneri11 @ticgran @TomJohn1975 @GlasgowCabbie1 @peck51 @NicolaSturgeon @jbwhitesnake @Keir_Starmer @trussliz @AnasSarwar @Douglas4Moray While Westminster claims that being ELECTED by ENGLAND only covers ENGLAND only Constituency regions = England no government? Insane!!! That England decided for all Scotland and NI a UK government which doesn't existWestminster are a England parliament and government,-0.3333333333333333,1.0
@Daniel_Grigg @UKLabour @Keir_Starmer I'd not fully agree. Some of the most fervent arguments I've had as a middle aged socialist have been on these issues with people in their 20's. I've debated with several who have *defended* student loans whilst I  argued to bring back grants. Young centrists definitely exist.,0.07142857142857142,0.2571428571428572
The @SikhFedUK is quoted in @Telegraph article about Koh-i-Noor row. Tell Indian leaders @PMOIndia @narendramodi to stay away from coronation as Koh-i-Noor belongs to the Sikh Nation. @RoyalFamily @trussliz @JamesCleverly @Keir_Starmer @DavidLammy https://t.co/htLdSTrjG5 https://t.co/rrCOW8sZ5x,0.0,0.0
@MaggieJ42656809 @SaveTheNHS4U @MARYNURSE1950 @Keir_Starmer I beg to differ https://t.co/gzZy4EGmFA,0.0,0.0
@DrGrumpy @KHarveyProctor @Keir_Starmer @FAIRcampaignUK @FACTukorg Mad Meirion Jones is now claiming that there are likely 2000 victims of Savile as our more thinking people see this stupid schoolboy lie. He knows that some know truth and hopes to bury it further. As for Mark Williams Thomas would you really believe him? 500 odd did of course.,-0.12738095238095234,0.6357142857142858
@clinton24963136 @AnnaMcMorrin @Keir_Starmer @UKLabour It should concern everybody that we don‚Äôt have a government that has the consent of the people to govern; their competence is actually immaterial in this regard. That way lies oblivion.,0.0,0.1
@euromove Perhaps abandon democracy? You could have @Keir_Starmer appointed president with politburo of @DavidLammy @RachelReevesMP @wesstreeting @AngelaRayner and friends. Rejoin abandon elections until the people are re-educated and conduct a witch-hunt for Tories. @BethRigby will help,0.0,0.0
Absolutely insane that labour are even looking for other candidates! @Keir_Starmer please get the fuck out of the Labour Party and join the party who votes to starve kids you horrible Tory! https://t.co/bpquafaVm5,-0.6390625,0.74375
Now that Labour has a comfortable lead in the polls isn't it about time that @Keir_Starmer drops the flying unicorn policy of "we'll make #Brexit work"?At the very least UK needs to rejoin the Customs Union to stop doing any more damage. https://t.co/MD81y3pZc6,0.17,0.6066666666666667
@trussliz @KwasiKwarteng @Keir_Starmer 4.5bn is an asteroid amount of tax payers money.When will you get this back from the shopkeepersrestaurants &amp; small business owners? @SkyNewsBreak @BBCBreaking COVID support schemes 'lost billions to fraud and error'https://t.co/wpUPc3VTqc,-0.125,0.2
@sairelbe @IreneDonald11 @ClassicLibScot @Beneri11 @ticgran @TomJohn1975 @GlasgowCabbie1 @peck51 @NicolaSturgeon @jbwhitesnake @Keir_Starmer @trussliz That the @Keir_Starmer and @trussliz MPs are elected by England and Wales only = England government only and elected by England onlyScotland votes only @AnasSarwar party for Labour of Scotland@Douglas4Moray ToriesTherefore we vote individually for our own country MPs,0.12,0.8800000000000001
@Skot69 @Keir_Starmer I'm afraid I completely disagree with you Russia invaded an independent sovereign state with a view of completely occupying it. Ukraine has the right to defend its territorial sovereignty but we cannot give in to Russian bullying or threats otherwise we open ourselves up.,-0.016326530612244903,0.4086734693877551
@bookyblonde @Maryannxx1 @UKLabour @Keir_Starmer Starmer üôÑ The RedTory Party https://t.co/XXavB96DXn,0.0,0.0
@UKLabour who needs enemies with friends like this‚Ä¶@Keir_Starmer https://t.co/AyWKAlwMeb,0.0,0.0
@iglwy2 @SamJRushworth @Keir_Starmer Some idiots wanted that. https://t.co/qDsA1X14Sb,-0.8,0.8
@damian_from @Keir_Starmer As predicted. https://t.co/ETes2LLfK7,0.0,0.0
@Dan__9000 @DamianClough2 @Cannydc1 @ff1l @aminamangera1 @rdg_elliott @Keir_Starmer Yes as a top-up for students who do not depend on it then yes good work experience.Elsewhere: I have seen how Supermarkets work e.g. 20 hour contract plus overtime (paid at same rate) shifts allocated the week before expected to be available 7 days early to late.,0.13333333333333333,0.4041666666666666
@geof_hughes @damian_from @Keir_Starmer Real Labour has been replaced by Tories https://t.co/bttwjqGeoC,0.2,0.30000000000000004
@DrGrumpy @KHarveyProctor @Keir_Starmer @FAIRcampaignUK What I'd suggest if truth is really of interest is that you read "The secret of Bryn Estyn" (Richard Webster) because all at @FACTukorg know and understand it is the real version of truth. Then read William Merritt's book on Rolf Harris which describes textbook police behaviour.,0.0,0.39999999999999997
.@Keir_Starmer @AngelaRayner @lisanandy @stellacreasy High time @UKLabour stopped WUSSING ABOUT wrt Single Market and Customs Union.It's THE quick-hit GROWTH move.And LOOK at the polls.Who said "Be BOLDER Labour"?Tory grandee &gt;Max Hastings&lt;!!https://t.co/VKoBKPGa3o https://t.co/WfU9nhKP70,0.04428571428571429,0.3771428571428571
@sairelbe @IreneDonald11 @ClassicLibScot @Beneri11 @ticgran @TomJohn1975 @GlasgowCabbie1 @peck51 @NicolaSturgeon @jbwhitesnake Now simplify electing MPs for a General Election - covering constituency regionsEngland has 533 and Wales who are annexed into England have 40 Westminster has 650 MPs202 @Keir_Starmer 365 @trussliz 14 Liberal Democrats59 maximum allowed Scotland government in Westminste,0.05000000000000002,0.5
